Camacho,Alex,alex612@yahoo.com,blue,1962-05-16
Conrad,Cooper,cconrad@yahoo.com,spring-bud,2001-05-16
King,Carlos,carlos532@yahoo.com,viridian,1916-05-16
Cunningham,Jason,jason579@gmail.com,ivory,1982-05-16
Cleveland,Brianna,brianna277@me.com,champagne,1918-05-16
Berger,Angel,angel.berger@yahoo.com,magenta,1927-05-16
Griffin,Aiden,agriffin@me.com,Prussian blue,1919-05-16
Cleveland,Jasmine,jcleveland@hotmail.com,jade,1925-05-16
Webb,Kayla,kayla780@gmail.com,teal,1986-05-16
Hayden,Carlos,hayden@me.com,amaranth,1996-05-16
Herman,Aaron,aaron401@hotmail.com,scarlet,2021-05-16
Fox,Aaliyah,aaliyah395@gmail.com,gold,1920-05-16
Beard,Eli,eli516@gmail.com,coral,1948-05-16
Prince,Caleb,caleb@hotmail.com,orchid,2016-05-16
Finley,Julian,julian481@gmail.com,peach,2001-05-16
Newman,Scarlett,scarlett.newman@gmail.com,plum,1999-05-16
Beach,Natalie,natalie@hotmail.com,coffee,1979-05-16
Rosa,Alyssa,alyssa@me.com,sangria,2021-05-16
Stanley,Hailey,hailey99@hotmail.com,red,1993-05-16
Mccormick,Maya,mmccormick@yahoo.com,ochre,1947-05-16
Kim,Scarlett,scarlett947@gmail.com,amaranth,1937-05-16
Wilcox,Isaac,wilcox@yahoo.com,black,2001-05-16
Kirkland,Charlotte,charlotte@me.com,amethyst,1986-05-16
Hardy,Victoria,victoria.hardy@hotmail.com,magenta,2008-05-16
Bentley,John,jbentley@gmail.com,puce,1967-05-16
Dejesus,Gabriel,gdejesus@hotmail.com,chartreuse,1955-05-16
Bauer,Caleb,caleb@gmail.com,raspberry,1927-05-16
Black,Madelyn,madelyn638@hotmail.com,aquamarine,2008-05-16
Barrera,Hailey,barrera@me.com,spring-green,1953-05-16
Robles,Mackenzie,robles@gmail.com,cobalt,1914-05-16
Livingston,Serenity,slivingston@me.com,spring-green,2000-05-16
Watkins,Dominic,dominic@yahoo.com,violet,2018-05-16
Gibson,Emma,emma.gibson@yahoo.com,violet,2003-05-16
Thomas,Kevin,kevin@yahoo.com,burgundy,1939-05-16
Rivera,Olivia,olivia412@hotmail.com,sapphire,1962-05-16
Hansen,Lillian,lillian@gmail.com,magenta,1949-05-16
Leonard,Madelyn,mleonard@hotmail.com,aquamarine,1996-05-16
Holt,Sofia,sofia669@yahoo.com,blush,1920-05-16
Galloway,Aaliyah,aaliyah.galloway@me.com,slate-gray,2001-05-16
Ray,Evan,evan981@yahoo.com,salmon,1977-05-16
Ratliff,Jason,jason@hotmail.com,emerald,1950-05-16
Ryan,Harper,ryan@me.com,beige,1995-05-16
Dickson,Ryan,rdickson@yahoo.com,orchid,2011-05-16
Cross,Andrew,andrew.cross@me.com,amethyst,1973-05-16
Richards,Jonathan,jrichards@yahoo.com,teal,1937-05-16
Blanchard,Ryan,ryan@hotmail.com,sangria,1984-05-16
Espinoza,Caleb,caleb@gmail.com,erin,2008-05-16
Chen,Thomas,thomas828@hotmail.com,gray,1984-05-16
Gaines,Alexander,gaines@me.com,brown,1973-05-16
Guzman,Molly,molly.guzman@hotmail.com,orchid,1969-05-16
Levine,Emily,emily@me.com,cerulean,1959-05-16
Ramsey,Kennedy,kramsey@hotmail.com,pear,1963-05-16
Garza,Jacob,jgarza@me.com,crimson,1928-05-16
Clemons,Lucy,clemons@gmail.com,ivory,1961-05-16
Cruz,Elijah,ecruz@me.com,slate-gray,1953-05-16
Farrell,Ashley,ashley.farrell@gmail.com,coffee,1957-05-16
Reynolds,Leah,reynolds@me.com,peach,1931-05-16
Chan,Faith,fchan@gmail.com,pink,1961-05-16
Stevenson,Amelia,stevenson@hotmail.com,magenta,1979-05-16
Blair,Gianna,gianna.blair@hotmail.com,beige,1999-05-16
Gilliam,Elijah,elijah.gilliam@yahoo.com,yellow,1949-05-16
Campos,Nicholas,nicholas.campos@gmail.com,salmon,1948-05-16
Griffin,Faith,faith829@gmail.com,black,1933-05-16
Contreras,Ayden,ayden.contreras@hotmail.com,copper,1914-05-16
Mayo,Caroline,cmayo@gmail.com,erin,1963-05-16
England,Jaxon,jengland@yahoo.com,harlequin,1934-05-16
Gutierrez,Luke,luke.gutierrez@gmail.com,magenta,1934-05-16
Jefferson,Bailey,bailey@hotmail.com,orange,2016-05-16
Hart,Brody,brody.hart@gmail.com,Prussian blue,2000-05-16
Massey,Reagan,reagan@me.com,coffee,2001-05-16
Carey,Lucy,lcarey@hotmail.com,byzantium,1985-05-16
Silva,William,wsilva@me.com,azure,1918-05-16
Osborn,Carlos,carlos@gmail.com,amethyst,1969-05-16
Barton,Serenity,sbarton@gmail.com,salmon,1984-05-16
Marquez,Riley,riley471@me.com,green,1983-05-16
Hopper,Piper,piper960@gmail.com,green,1943-05-16
Fernandez,Eli,fernandez@yahoo.com,ochre,2006-05-16
Hill,Christian,chill@me.com,emerald,1989-05-16
Ashley,Grayson,grayson@yahoo.com,cerise,1988-05-16
Ratliff,Liam,ratliff@gmail.com,maroon,1996-05-16
Knowles,Kaylee,kaylee749@gmail.com,spring-bud,2019-05-16
Langley,Trinity,tlangley@me.com,ultramarine,1942-05-16
Griffith,Luke,griffith@hotmail.com,baby-blue,1953-05-16
Collier,John,john@yahoo.com,desert,1973-05-16
Watkins,Christopher,watkins@hotmail.com,crimson,1980-05-16
Garza,Ariana,ariana.garza@hotmail.com,crimson,1953-05-16
Mcneil,Kylie,kylie286@gmail.com,spring-bud,1967-05-16
Cline,Jayden,jcline@yahoo.com,ruby,2010-05-16
Brennan,Arianna,arianna57@me.com,champagne,1973-05-16
Lewis,Luis,luis.lewis@yahoo.com,lavender,1912-05-16
Jacobson,Ellie,jacobson@yahoo.com,desert,2007-05-16
Sharpe,Chase,chase@me.com,harlequin,1929-05-16
Leach,Abigail,abigail@me.com,violet,2015-05-16
Richard,Jaxon,jrichard@yahoo.com,champagne,1999-05-16
Tate,Jordan,jtate@yahoo.com,spring-bud,2009-05-16
Mckee,Abigail,mckee@gmail.com,spring-green,1929-05-16
Mcfadden,Ariana,ariana@yahoo.com,pear,1959-05-16
Cross,Alexandra,cross@gmail.com,spring-green,1992-05-16
Glass,Carlos,carlos@hotmail.com,peach,1981-05-16
Carey,Evan,carey@gmail.com,periwinkle,1963-05-16
